2016/01/31 24:00:00; 2016; 1; 31; 24; 6; 1456959646750; 65.7
2016/02/02 24:00:00; 2016; 2; 2; 24; 6; 1456959648352; 64.0
2016/02/03 01:00:00; 2016; 2; 3; 1; 2; 1456963248533; 64.0
2016/02/03 02:00:00; 2016; 2; 3; 2; 2; 1456966848544; 64.0
2016/02/03 03:00:00; 2016; 2; 3; 3; 2; 1456970448552; 64.0
2016/02/03 04:00:00; 2016; 2; 3; 4; 2; 1456974048560; 64.0
2016/02/03 05:00:00; 2016; 2; 3; 5; 3; 1456977648738; 64.0
2016/02/03 06:00:00; 2016; 2; 3; 6; 3; 1456981248745; 64.0
2016/02/03 07:00:00; 2016; 2; 3; 7; 3; 1456984848752; 64.0
2016/02/03 08:00:00; 2016; 2; 3; 8; 4; 1456988448911; 64.0
2016/02/03 09:00:00; 2016; 2; 3; 9; 4; 1456992048921; 64.0
2016/02/03 10:00:00; 2016; 2; 3; 10; 4; 1456995648930; 64.0
2016/02/03 11:00:00; 2016; 2; 3; 11; 4; 1456999248937; 64.0
2016/02/03 12:00:00; 2016; 2; 3; 12; 5; 1457002849058; 64.0
2016/02/03 13:00:00; 2016; 2; 3; 13; 5; 1457006449065; 64.0
2016/02/03 14:00:00; 2016; 2; 3; 14; 5; 1457010049072; 64.0
2016/02/03 15:00:00; 2016; 2; 3; 15; 5; 1457013649080; 64.0
2016/02/03 16:00:00; 2016; 2; 3; 16; 6; 1457017249160; 64.0
2016/02/03 17:00:00; 2016; 2; 3; 17; 6; 1457020849167; 64.0
2016/02/03 18:00:00; 2016; 2; 3; 18; 6; 1457024449174; 64.0
2016/02/03 19:00:00; 2016; 2; 3; 19; 6; 1457028049181; 64.0
2016/02/03 20:00:00; 2016; 2; 3; 20; 6; 1457031649192; 64.0
2016/02/03 21:00:00; 2016; 2; 3; 21; 6; 1457035249200; 64.0
2016/02/03 22:00:00; 2016; 2; 3; 22; 6; 1457038849207; 64.0
2016/02/03 23:00:00; 2016; 2; 3; 23; 6; 1457042449214; 64.0
2016/02/03 24:00:00; 2016; 2; 3; 24; 6; 1457046049221; 64.0
2016/02/04 01:00:00; 2016; 2; 4; 1; 2; 1457049649406; 88.0
2016/02/04 02:00:00; 2016; 2; 4; 2; 2; 1457053249413; 88.0
2016/02/04 03:00:00; 2016; 2; 4; 3; 2; 1457056849423; 88.0
2016/02/04 04:00:00; 2016; 2; 4; 4; 2; 1457060449430; 71.0
2016/02/04 05:00:00; 2016; 2; 4; 5; 3; 1457064049600; 64.0
2016/02/04 06:00:00; 2016; 2; 4; 6; 3; 1457067649608; 64.0
2016/02/04 07:00:00; 2016; 2; 4; 7; 3; 1457071249615; 64.0
2016/02/04 08:00:00; 2016; 2; 4; 8; 4; 1457074849755; 64.0
2016/02/04 09:00:00; 2016; 2; 4; 9; 4; 1457078449763; 64.0
2016/02/04 10:00:00; 2016; 2; 4; 10; 4; 1457082049771; 64.0
2016/02/04 11:00:00; 2016; 2; 4; 11; 4; 1457085649784; 64.0
2016/02/04 12:00:00; 2016; 2; 4; 12; 5; 1457089249945; 64.0
2016/02/04 13:00:00; 2016; 2; 4; 13; 5; 1457092849955; 64.0
2016/02/04 14:00:00; 2016; 2; 4; 14; 5; 1457096449967; 64.0
2016/02/04 15:00:00; 2016; 2; 4; 15; 5; 1457100049976; 64.0
2016/02/04 16:00:00; 2016; 2; 4; 16; 6; 1457103650084; 64.0
2016/02/04 17:00:00; 2016; 2; 4; 17; 6; 1457107250093; 64.0
2016/02/04 18:00:00; 2016; 2; 4; 18; 6; 1457110850101; 64.0
2016/02/04 19:00:00; 2016; 2; 4; 19; 6; 1457114450110; 64.0
2016/02/04 20:00:00; 2016; 2; 4; 20; 6; 1457118050119; 64.0
2016/02/04 21:00:00; 2016; 2; 4; 21; 6; 1457121650128; 64.0
2016/02/04 22:00:00; 2016; 2; 4; 22; 6; 1457125250137; 64.0
2016/02/04 23:00:00; 2016; 2; 4; 23; 6; 1457128850146; 64.0
2016/02/04 24:00:00; 2016; 2; 4; 24; 6; 1457132450155; 64.0
2016/02/05 01:00:00; 2016; 2; 5; 1; 2; 1457136050386; 69.0
2016/02/05 02:00:00; 2016; 2; 5; 2; 2; 1457139650394; 69.0
2016/02/05 03:00:00; 2016; 2; 5; 3; 2; 1457143250403; 69.0
2016/02/05 04:00:00; 2016; 2; 5; 4; 2; 1457146850412; 64.0
2016/02/05 05:00:00; 2016; 2; 5; 5; 3; 1457150450612; 64.0
2016/02/05 06:00:00; 2016; 2; 5; 6; 3; 1457154050621; 64.0
2016/02/05 07:00:00; 2016; 2; 5; 7; 3; 1457157650630; 64.0
2016/02/05 08:00:00; 2016; 2; 5; 8; 4; 1457161250815; 64.0
2016/02/05 09:00:00; 2016; 2; 5; 9; 4; 1457164850826; 64.0
2016/02/05 10:00:00; 2016; 2; 5; 10; 4; 1457168450835; 64.0
2016/02/05 11:00:00; 2016; 2; 5; 11; 4; 1457172050844; 64.0
2016/02/05 12:00:00; 2016; 2; 5; 12; 5; 1457175650988; 69.5
2016/02/05 13:00:00; 2016; 2; 5; 13; 5; 1457179250997; 64.0
2016/02/05 14:00:00; 2016; 2; 5; 14; 5; 1457182851005; 64.0
2016/02/05 15:00:00; 2016; 2; 5; 15; 5; 1457186451014; 64.0
2016/02/05 16:00:00; 2016; 2; 5; 16; 6; 1457190051133; 64.0
2016/02/05 17:00:00; 2016; 2; 5; 17; 6; 1457193651142; 64.0
2016/02/05 18:00:00; 2016; 2; 5; 18; 6; 1457197251152; 64.0
2016/02/05 19:00:00; 2016; 2; 5; 19; 6; 1457200851161; 64.0
2016/02/05 20:00:00; 2016; 2; 5; 20; 6; 1457204451169; 64.0
2016/02/05 21:00:00; 2016; 2; 5; 21; 6; 1457208051178; 64.0
2016/02/05 22:00:00; 2016; 2; 5; 22; 6; 1457211651191; 64.0
2016/02/05 23:00:00; 2016; 2; 5; 23; 6; 1457215251200; 66.1
2016/02/05 24:00:00; 2016; 2; 5; 24; 6; 1457218851208; 66.2
2016/02/06 01:00:00; 2016; 2; 6; 1; 2; 1457222451472; 64.0
2016/02/06 02:00:00; 2016; 2; 6; 2; 2; 1457226051486; 64.0
2016/02/06 03:00:00; 2016; 2; 6; 3; 2; 1457229651496; 64.0
2016/02/06 04:00:00; 2016; 2; 6; 4; 2; 1457233251504; 64.0
2016/02/06 05:00:00; 2016; 2; 6; 5; 3; 1457236851712; 64.0
2016/02/06 06:00:00; 2016; 2; 6; 6; 3; 1457240451724; 64.0
2016/02/06 07:00:00; 2016; 2; 6; 7; 3; 1457244051734; 64.0
2016/02/06 08:00:00; 2016; 2; 6; 8; 4; 1457247651906; 64.0
2016/02/06 09:00:00; 2016; 2; 6; 9; 4; 1457251251915; 64.0
2016/02/06 10:00:00; 2016; 2; 6; 10; 4; 1457254851923; 64.0
2016/02/06 11:00:00; 2016; 2; 6; 11; 4; 1457258451933; 67.0
2016/02/06 12:00:00; 2016; 2; 6; 12; 5; 1457262052095; 65.4
2016/02/06 13:00:00; 2016; 2; 6; 13; 5; 1457265652107; 67.8
2016/02/06 14:00:00; 2016; 2; 6; 14; 5; 1457269252116; 66.1
2016/02/06 15:00:00; 2016; 2; 6; 15; 5; 1457272852126; 66.5
2016/02/06 16:00:00; 2016; 2; 6; 16; 6; 1457276452229; 64.0
2016/02/06 17:00:00; 2016; 2; 6; 17; 6; 1457280052242; 64.0
2016/02/06 18:00:00; 2016; 2; 6; 18; 6; 1457283652251; 64.0
2016/02/06 19:00:00; 2016; 2; 6; 19; 6; 1457287252260; 64.0
2016/02/06 20:00:00; 2016; 2; 6; 20; 6; 1457290852269; 64.0
2016/02/06 21:00:00; 2016; 2; 6; 21; 6; 1457294452279; 64.0
2016/02/06 22:00:00; 2016; 2; 6; 22; 6; 1457298052287; 64.4
2016/02/06 23:00:00; 2016; 2; 6; 23; 6; 1457301652296; 63.9
2016/02/06 24:00:00; 2016; 2; 6; 24; 6; 1457305252306; 63.9
2016/02/07 01:00:00; 2016; 2; 7; 1; 2; 1457308852498; 64.0
2016/02/07 02:00:00; 2016; 2; 7; 2; 2; 1457312452505; 64.0
2016/02/07 03:00:00; 2016; 2; 7; 3; 2; 1457316052512; 64.0
2016/02/07 04:00:00; 2016; 2; 7; 4; 2; 1457319652519; 64.0
2016/02/07 05:00:00; 2016; 2; 7; 5; 3; 1457323252692; 57.3
2016/02/07 06:00:00; 2016; 2; 7; 6; 3; 1457326852699; 55.6
2016/02/07 07:00:00; 2016; 2; 7; 7; 3; 1457330452706; 55.5
2016/02/07 08:00:00; 2016; 2; 7; 8; 4; 1457334052855; 60.6
2016/02/07 09:00:00; 2016; 2; 7; 9; 4; 1457337652862; 64.1
2016/02/07 10:00:00; 2016; 2; 7; 10; 4; 1457341252870; 63.9
2016/02/07 11:00:00; 2016; 2; 7; 11; 4; 1457344852877; 63.8
2016/02/07 12:00:00; 2016; 2; 7; 12; 5; 1457348452992; 64.0
2016/02/07 13:00:00; 2016; 2; 7; 13; 5; 1457352053000; 64.0
2016/02/07 14:00:00; 2016; 2; 7; 14; 5; 1457355653007; 63.9
2016/02/07 15:00:00; 2016; 2; 7; 15; 5; 1457359253015; 64.0
2016/02/07 16:00:00; 2016; 2; 7; 16; 6; 1457362853102; 64.0
2016/02/07 17:00:00; 2016; 2; 7; 17; 6; 1457366453109; 64.1
2016/02/07 18:00:00; 2016; 2; 7; 18; 6; 1457370053117; 64.0
2016/02/07 19:00:00; 2016; 2; 7; 19; 6; 1457373653124; 64.0
2016/02/07 20:00:00; 2016; 2; 7; 20; 6; 1457377253131; 64.0
2016/02/07 21:00:00; 2016; 2; 7; 21; 6; 1457380853141; 64.0
2016/02/07 22:00:00; 2016; 2; 7; 22; 6; 1457384453149; 65.7
2016/02/07 23:00:00; 2016; 2; 7; 23; 6; 1457388053157; 66.9
2016/02/07 24:00:00; 2016; 2; 7; 24; 6; 1457391653165; 64.0
2016/02/08 01:00:00; 2016; 2; 8; 1; 2; 1457395253365; 64.0
2016/02/08 02:00:00; 2016; 2; 8; 2; 2; 1457398853372; 64.0
2016/02/08 03:00:00; 2016; 2; 8; 3; 2; 1457402453383; 64.0
2016/02/08 04:00:00; 2016; 2; 8; 4; 2; 1457406053391; 64.0
2016/02/08 05:00:00; 2016; 2; 8; 5; 3; 1457409653581; 64.0
2016/02/08 06:00:00; 2016; 2; 8; 6; 3; 1457413253588; 64.0
2016/02/08 07:00:00; 2016; 2; 8; 7; 3; 1457416853598; 64.0
2016/02/08 08:00:00; 2016; 2; 8; 8; 4; 1457420453742; 64.0
2016/02/08 09:00:00; 2016; 2; 8; 9; 4; 1457424053750; 64.0
2016/02/08 10:00:00; 2016; 2; 8; 10; 4; 1457427653757; 64.0
2016/02/08 11:00:00; 2016; 2; 8; 11; 4; 1457431253764; 64.0
2016/02/08 12:00:00; 2016; 2; 8; 12; 5; 1457434853887; 64.0
2016/02/08 13:00:00; 2016; 2; 8; 13; 5; 1457438453894; 64.0
2016/02/08 14:00:00; 2016; 2; 8; 14; 5; 1457442053902; 64.0
2016/02/08 15:00:00; 2016; 2; 8; 15; 5; 1457445653909; 64.0
2016/02/08 16:00:00; 2016; 2; 8; 16; 6; 1457449253996; 64.0
2016/02/08 17:00:00; 2016; 2; 8; 17; 6; 1457452854003; 64.0
2016/02/08 18:00:00; 2016; 2; 8; 18; 6; 1457456454010; 64.0
2016/02/08 19:00:00; 2016; 2; 8; 19; 6; 1457460054017; 64.0
2016/02/08 20:00:00; 2016; 2; 8; 20; 6; 1457463654025; 64.0
2016/02/08 21:00:00; 2016; 2; 8; 21; 6; 1457467254032; 64.0
2016/02/08 22:00:00; 2016; 2; 8; 22; 6; 1457470854039; 64.0
2016/02/08 23:00:00; 2016; 2; 8; 23; 6; 1457474454047; 64.0
2016/02/08 24:00:00; 2016; 2; 8; 24; 6; 1457478054054; 64.0
2016/02/09 01:00:00; 2016; 2; 9; 1; 2; 1457481654256; 64.1
2016/02/09 02:00:00; 2016; 2; 9; 2; 2; 1457485254267; 64.0
2016/02/09 03:00:00; 2016; 2; 9; 3; 2; 1457488854278; 64.0
2016/02/09 04:00:00; 2016; 2; 9; 4; 2; 1457492454285; 59.0
2016/02/09 05:00:00; 2016; 2; 9; 5; 3; 1457496054467; 64.0
2016/02/09 06:00:00; 2016; 2; 9; 6; 3; 1457499654477; 64.0
2016/02/09 07:00:00; 2016; 2; 9; 7; 3; 1457503254486; 64.0
2016/02/09 08:00:00; 2016; 2; 9; 8; 4; 1457506854628; 64.0
2016/02/09 09:00:00; 2016; 2; 9; 9; 4; 1457510454635; 64.0
2016/02/09 10:00:00; 2016; 2; 9; 10; 4; 1457514054642; 64.0
2016/02/09 11:00:00; 2016; 2; 9; 11; 4; 1457517654650; 64.0
2016/02/09 12:00:00; 2016; 2; 9; 12; 5; 1457521254761; 64.0
2016/02/09 13:00:00; 2016; 2; 9; 13; 5; 1457524854768; 64.0
2016/02/09 14:00:00; 2016; 2; 9; 14; 5; 1457528454778; 64.0
2016/02/09 15:00:00; 2016; 2; 9; 15; 5; 1457532054786; 64.0
2016/02/09 16:00:00; 2016; 2; 9; 16; 6; 1457535654890; 64.0
2016/02/09 17:00:00; 2016; 2; 9; 17; 6; 1457539254901; 64.0
2016/02/09 18:00:00; 2016; 2; 9; 18; 6; 1457542854909; 64.0
2016/02/09 19:00:00; 2016; 2; 9; 19; 6; 1457546454917; 64.0
2016/02/09 20:00:00; 2016; 2; 9; 20; 6; 1457550054924; 64.0
2016/02/09 21:00:00; 2016; 2; 9; 21; 6; 1457553654931; 64.0
2016/02/09 22:00:00; 2016; 2; 9; 22; 6; 1457557254938; 64.0
2016/02/09 23:00:00; 2016; 2; 9; 23; 6; 1457560854945; 64.0
2016/02/09 24:00:00; 2016; 2; 9; 24; 6; 1457564454960; 64.0
2016/02/10 01:00:00; 2016; 2; 10; 1; 2; 1457568055184; 64.0
2016/02/10 02:00:00; 2016; 2; 10; 2; 2; 1457571655191; 71.1
2016/02/10 03:00:00; 2016; 2; 10; 3; 2; 1457575255199; 64.0
2016/02/10 04:00:00; 2016; 2; 10; 4; 2; 1457578855207; 64.0
2016/02/10 05:00:00; 2016; 2; 10; 5; 3; 1457582455397; 64.0
2016/02/10 06:00:00; 2016; 2; 10; 6; 3; 1457586055404; 64.0
2016/02/10 07:00:00; 2016; 2; 10; 7; 3; 1457589655411; 64.0
2016/02/10 08:00:00; 2016; 2; 10; 8; 4; 1457593255564; 64.0
2016/02/10 09:00:00; 2016; 2; 10; 9; 4; 1457596855572; 64.0
2016/02/10 10:00:00; 2016; 2; 10; 10; 4; 1457600455582; 64.0
2016/02/10 11:00:00; 2016; 2; 10; 11; 4; 1457604055589; 64.0
2016/02/10 12:00:00; 2016; 2; 10; 12; 5; 1457607655700; 64.0
2016/02/10 13:00:00; 2016; 2; 10; 13; 5; 1457611255707; 64.0
2016/02/10 14:00:00; 2016; 2; 10; 14; 5; 1457614855715; 64.0
2016/02/10 15:00:00; 2016; 2; 10; 15; 5; 1457618455723; 64.0
2016/02/10 16:00:00; 2016; 2; 10; 16; 6; 1457622055831; 64.0
2016/02/10 17:00:00; 2016; 2; 10; 17; 6; 1457625655841; 64.0
2016/02/10 18:00:00; 2016; 2; 10; 18; 6; 1457629255850; 64.0
2016/02/10 19:00:00; 2016; 2; 10; 19; 6; 1457632855859; 64.0
2016/02/10 20:00:00; 2016; 2; 10; 20; 6; 1457636455868; 64.0
2016/02/10 21:00:00; 2016; 2; 10; 21; 6; 1457640055876; 64.0
2016/02/10 22:00:00; 2016; 2; 10; 22; 6; 1457643655886; 64.5
2016/02/10 23:00:00; 2016; 2; 10; 23; 6; 1457647255895; 65.3
2016/02/10 24:00:00; 2016; 2; 10; 24; 6; 1457650855904; 65.7
2016/02/11 01:00:00; 2016; 2; 11; 1; 2; 1457654456159; 64.1
2016/02/11 02:00:00; 2016; 2; 11; 2; 2; 1457658056169; 64.1
2016/02/11 03:00:00; 2016; 2; 11; 3; 2; 1457661656178; 64.0
2016/02/11 04:00:00; 2016; 2; 11; 4; 2; 1457665256187; 64.0
2016/02/11 05:00:00; 2016; 2; 11; 5; 3; 1457668856396; 64.0
2016/02/11 06:00:00; 2016; 2; 11; 6; 3; 1457672456410; 64.0
2016/02/11 07:00:00; 2016; 2; 11; 7; 3; 1457676056419; 64.0
2016/02/11 08:00:00; 2016; 2; 11; 8; 4; 1457679656613; 64.0
2016/02/11 09:00:00; 2016; 2; 11; 9; 4; 1457683256622; 64.0
2016/02/11 10:00:00; 2016; 2; 11; 10; 4; 1457686856631; 64.0
2016/02/11 11:00:00; 2016; 2; 11; 11; 4; 1457690456640; 64.0
2016/02/11 12:00:00; 2016; 2; 11; 12; 5; 1457694056790; 64.0
2016/02/11 13:00:00; 2016; 2; 11; 13; 5; 1457697656799; 64.0
2016/02/11 14:00:00; 2016; 2; 11; 14; 5; 1457701256808; 64.0
2016/02/11 15:00:00; 2016; 2; 11; 15; 5; 1457704856817; 64.0
2016/02/11 16:00:00; 2016; 2; 11; 16; 6; 1457708456924; 64.0
2016/02/11 17:00:00; 2016; 2; 11; 17; 6; 1457712056934; 64.0
2016/02/11 18:00:00; 2016; 2; 11; 18; 6; 1457715656943; 64.0
2016/02/11 19:00:00; 2016; 2; 11; 19; 6; 1457719256952; 64.0
2016/02/11 20:00:00; 2016; 2; 11; 20; 6; 1457722856961; 64.0
2016/02/11 21:00:00; 2016; 2; 11; 21; 6; 1457726456974; 64.0
2016/02/11 22:00:00; 2016; 2; 11; 22; 6; 1457730056984; 64.0
2016/02/11 23:00:00; 2016; 2; 11; 23; 6; 1457733656993; 64.0
2016/02/11 24:00:00; 2016; 2; 11; 24; 6; 1457737257004; 64.0
2016/02/12 01:00:00; 2016; 2; 12; 1; 2; 1457740857241; 0.0
2016/02/12 02:00:00; 2016; 2; 12; 2; 2; 1457744457257; 0.0
2016/02/12 03:00:00; 2016; 2; 12; 3; 2; 1457748057266; 0.0
2016/02/12 04:00:00; 2016; 2; 12; 4; 2; 1457751657276; 0.0
2016/02/12 05:00:00; 2016; 2; 12; 5; 3; 1457755257498; 0.0
2016/02/12 06:00:00; 2016; 2; 12; 6; 3; 1457758857507; 0.0
2016/02/12 07:00:00; 2016; 2; 12; 7; 3; 1457762457516; 0.0
2016/02/12 08:00:00; 2016; 2; 12; 8; 4; 1457766057707; 0.0
2016/02/12 09:00:00; 2016; 2; 12; 9; 4; 1457769657716; 0.0
2016/02/12 10:00:00; 2016; 2; 12; 10; 4; 1457773257726; 0.0
2016/02/12 11:00:00; 2016; 2; 12; 11; 4; 1457776857737; 0.0
2016/02/12 12:00:00; 2016; 2; 12; 12; 5; 1457780457875; 0.0
2016/02/12 13:00:00; 2016; 2; 12; 13; 5; 1457784057884; 0.0
2016/02/12 14:00:00; 2016; 2; 12; 14; 5; 1457787657895; 0.0
2016/02/12 15:00:00; 2016; 2; 12; 15; 5; 1457791257907; 0.0
2016/02/12 16:00:00; 2016; 2; 12; 16; 6; 1457794858012; 0.0
2016/02/12 17:00:00; 2016; 2; 12; 17; 6; 1457798458021; 0.0
2016/02/12 18:00:00; 2016; 2; 12; 18; 6; 1457802058030; 0.0
2016/02/12 19:00:00; 2016; 2; 12; 19; 6; 1457805658043; 0.0
2016/02/12 20:00:00; 2016; 2; 12; 20; 6; 1457809258052; 0.0
2016/02/12 21:00:00; 2016; 2; 12; 21; 6; 1457812858061; 0.0
2016/02/12 22:00:00; 2016; 2; 12; 22; 6; 1457816458070; 1.6
2016/02/12 23:00:00; 2016; 2; 12; 23; 6; 1457820058079; 2.1
2016/02/12 24:00:00; 2016; 2; 12; 24; 6; 1457823658088; 0.1
2016/02/18 01:00:00; 2016; 2; 18; 1; 2; 1458259259180; 9.0
2016/02/18 02:00:00; 2016; 2; 18; 2; 2; 1458262859193; 16.0
2016/02/18 03:00:00; 2016; 2; 18; 3; 2; 1458266459206; 16.0
2016/02/18 04:00:00; 2016; 2; 18; 4; 2; 1458270059216; 16.0
2016/02/18 05:00:00; 2016; 2; 18; 5; 3; 1458273659424; 16.0
2016/02/18 06:00:00; 2016; 2; 18; 6; 3; 1458277259431; 16.0
2016/02/18 07:00:00; 2016; 2; 18; 7; 3; 1458280859438; 16.0
2016/02/18 08:00:00; 2016; 2; 18; 8; 4; 1458284459581; 36.0
2016/02/18 09:00:00; 2016; 2; 18; 9; 4; 1458288059589; 36.0
2016/02/18 10:00:00; 2016; 2; 18; 10; 4; 1458291659597; 41.0
2016/02/18 11:00:00; 2016; 2; 18; 11; 4; 1458295259605; 41.0
2016/02/18 12:00:00; 2016; 2; 18; 12; 5; 1458298859727; 41.0
2016/02/18 13:00:00; 2016; 2; 18; 13; 5; 1458302459734; 43.0
2016/02/18 14:00:00; 2016; 2; 18; 14; 5; 1458306059741; 46.0
2016/02/18 15:00:00; 2016; 2; 18; 15; 5; 1458309659748; 52.0
2016/02/18 16:00:00; 2016; 2; 18; 16; 6; 1458313259844; 55.0
2016/02/18 17:00:00; 2016; 2; 18; 17; 6; 1458316859858; 55.0
2016/02/18 18:00:00; 2016; 2; 18; 18; 6; 1458320459866; 55.0
2016/02/18 19:00:00; 2016; 2; 18; 19; 6; 1458324059874; 60.0
2016/02/18 20:00:00; 2016; 2; 18; 20; 6; 1458327659881; 55.0
2016/02/18 21:00:00; 2016; 2; 18; 21; 6; 1458331259889; 55.0
2016/02/18 22:00:00; 2016; 2; 18; 22; 6; 1458334859896; 64.0
2016/02/18 23:00:00; 2016; 2; 18; 23; 6; 1458338459905; 57.2
2016/02/18 24:00:00; 2016; 2; 18; 24; 6; 1458342059916; 64.0
2016/02/19 01:00:00; 2016; 2; 19; 1; 2; 1458345600117; 64.0
2016/02/19 02:00:00; 2016; 2; 19; 2; 2; 1458349200124; 64.0
2016/02/19 03:00:00; 2016; 2; 19; 3; 2; 1458352800133; 64.0
2016/02/19 04:00:00; 2016; 2; 19; 4; 2; 1458356400141; 64.0
2016/02/19 05:00:00; 2016; 2; 19; 5; 3; 1458360000326; 64.0
2016/02/19 06:00:00; 2016; 2; 19; 6; 3; 1458363600334; 64.0
2016/02/19 07:00:00; 2016; 2; 19; 7; 3; 1458367200343; 64.0
2016/02/19 08:00:00; 2016; 2; 19; 8; 4; 1458370800493; 52.0
2016/02/19 09:00:00; 2016; 2; 19; 9; 4; 1458374400501; 64.0
2016/02/19 10:00:00; 2016; 2; 19; 10; 4; 1458378000508; 64.0
2016/02/19 11:00:00; 2016; 2; 19; 11; 4; 1458381600520; 64.0
2016/02/19 12:00:00; 2016; 2; 19; 12; 5; 1458385200633; 64.0
2016/02/19 13:00:00; 2016; 2; 19; 13; 5; 1458388800640; 62.7
2016/02/19 14:00:00; 2016; 2; 19; 14; 5; 1458392400648; 57.1
2016/02/19 15:00:00; 2016; 2; 19; 15; 5; 1458396000655; 64.1
2016/02/19 16:00:00; 2016; 2; 19; 16; 6; 1458399600759; 64.0
2016/02/19 17:00:00; 2016; 2; 19; 17; 6; 1458403200769; 64.0
2016/02/19 18:00:00; 2016; 2; 19; 18; 6; 1458406800776; 64.0
2016/02/19 19:00:00; 2016; 2; 19; 19; 6; 1458410400783; 64.0
2016/02/19 20:00:00; 2016; 2; 19; 20; 6; 1458414000791; 64.0
2016/02/19 21:00:00; 2016; 2; 19; 21; 6; 1458417600799; 64.0
2016/02/19 22:00:00; 2016; 2; 19; 22; 6; 1458421200806; 64.0
2016/02/19 23:00:00; 2016; 2; 19; 23; 6; 1458424800814; 64.0
2016/02/19 24:00:00; 2016; 2; 19; 24; 6; 1458428400822; 64.0
2016/02/20 01:00:00; 2016; 2; 20; 1; 2; 1458432001039; 64.0
2016/02/20 02:00:00; 2016; 2; 20; 2; 2; 1458435601047; 64.0
2016/02/20 03:00:00; 2016; 2; 20; 3; 2; 1458439201055; 46.0
2016/02/20 04:00:00; 2016; 2; 20; 4; 2; 1458442801063; 46.0
2016/02/20 05:00:00; 2016; 2; 20; 5; 3; 1458446401231; 64.0
2016/02/20 06:00:00; 2016; 2; 20; 6; 3; 1458450001238; 64.0
2016/02/20 07:00:00; 2016; 2; 20; 7; 3; 1458453601246; 64.0
2016/02/20 08:00:00; 2016; 2; 20; 8; 4; 1458457201404; 64.0
2016/02/20 09:00:00; 2016; 2; 20; 9; 4; 1458460801411; 64.1
2016/02/20 10:00:00; 2016; 2; 20; 10; 4; 1458464401423; 64.0
2016/02/20 11:00:00; 2016; 2; 20; 11; 4; 1458468001430; 64.0
2016/02/20 12:00:00; 2016; 2; 20; 12; 5; 1458471601542; 64.0
2016/02/20 13:00:00; 2016; 2; 20; 13; 5; 1458475201549; 64.0
2016/02/20 14:00:00; 2016; 2; 20; 14; 5; 1458478801557; 64.0
2016/02/20 15:00:00; 2016; 2; 20; 15; 5; 1458482401564; 64.0
2016/02/20 16:00:00; 2016; 2; 20; 16; 6; 1458486001645; 64.0
2016/02/20 17:00:00; 2016; 2; 20; 17; 6; 1458489601653; 64.0
2016/02/20 18:00:00; 2016; 2; 20; 18; 6; 1458493201661; 64.0
2016/02/20 19:00:00; 2016; 2; 20; 19; 6; 1458496801668; 64.0
2016/02/20 20:00:00; 2016; 2; 20; 20; 6; 1458500401676; 64.0
2016/02/20 21:00:00; 2016; 2; 20; 21; 6; 1458504001684; 64.0
2016/02/20 22:00:00; 2016; 2; 20; 22; 6; 1458507601692; 64.0
2016/02/20 23:00:00; 2016; 2; 20; 23; 6; 1458511201701; 64.0
2016/02/20 24:00:00; 2016; 2; 20; 24; 6; 1458514801712; 64.0
2016/02/21 01:00:00; 2016; 2; 21; 1; 2; 1458518401905; 49.0
2016/02/21 02:00:00; 2016; 2; 21; 2; 2; 1458522001916; 59.0
2016/02/21 03:00:00; 2016; 2; 21; 3; 2; 1458525601924; 49.0
2016/02/21 04:00:00; 2016; 2; 21; 4; 2; 1458529201931; 0.0
2016/02/21 05:00:00; 2016; 2; 21; 5; 3; 1458532802100; 64.0
2016/02/21 06:00:00; 2016; 2; 21; 6; 3; 1458536402108; 64.0
2016/02/21 07:00:00; 2016; 2; 21; 7; 3; 1458540002115; 64.0
2016/02/21 08:00:00; 2016; 2; 21; 8; 4; 1458543602279; 64.0
2016/02/21 09:00:00; 2016; 2; 21; 9; 4; 1458547202287; 64.0
2016/02/21 10:00:00; 2016; 2; 21; 10; 4; 1458550802294; 64.0
2016/02/21 11:00:00; 2016; 2; 21; 11; 4; 1458554402302; 64.0
2016/02/21 12:00:00; 2016; 2; 21; 12; 5; 1458558002420; 64.0
2016/02/21 13:00:00; 2016; 2; 21; 13; 5; 1458561602427; 64.0
2016/02/21 14:00:00; 2016; 2; 21; 14; 5; 1458565202435; 64.0
2016/02/21 15:00:00; 2016; 2; 21; 15; 5; 1458568802446; 64.0
2016/02/21 16:00:00; 2016; 2; 21; 16; 6; 1458572402543; 64.0
2016/02/21 17:00:00; 2016; 2; 21; 17; 6; 1458576002551; 64.0
2016/02/21 18:00:00; 2016; 2; 21; 18; 6; 1458579602559; 64.0
2016/02/21 19:00:00; 2016; 2; 21; 19; 6; 1458583202567; 64.0
2016/02/21 20:00:00; 2016; 2; 21; 20; 6; 1458586802574; 64.0
2016/02/21 21:00:00; 2016; 2; 21; 21; 6; 1458590402582; 64.0
2016/02/21 22:00:00; 2016; 2; 21; 22; 6; 1458594002589; 64.0
2016/02/21 23:00:00; 2016; 2; 21; 23; 6; 1458597602600; 64.0
2016/02/21 24:00:00; 2016; 2; 21; 24; 6; 1458601202608; 64.0
2016/02/22 01:00:00; 2016; 2; 22; 1; 2; 1458604802812; 64.0
2016/02/22 02:00:00; 2016; 2; 22; 2; 2; 1458608402820; 64.0
2016/02/22 03:00:00; 2016; 2; 22; 3; 2; 1458612002828; 64.0
2016/02/22 04:00:00; 2016; 2; 22; 4; 2; 1458615602836; 64.0
2016/02/22 05:00:00; 2016; 2; 22; 5; 3; 1458619203021; 64.0
2016/02/22 06:00:00; 2016; 2; 22; 6; 3; 1458622803029; 64.0
2016/02/22 07:00:00; 2016; 2; 22; 7; 3; 1458626403036; 64.0
2016/02/22 08:00:00; 2016; 2; 22; 8; 4; 1458630003182; 64.0
2016/02/22 09:00:00; 2016; 2; 22; 9; 4; 1458633603190; 64.0
2016/02/22 10:00:00; 2016; 2; 22; 10; 4; 1458637203198; 64.0
2016/02/22 11:00:00; 2016; 2; 22; 11; 4; 1458640803206; 64.0
2016/02/22 12:00:00; 2016; 2; 22; 12; 5; 1458644403355; 64.0
2016/02/22 13:00:00; 2016; 2; 22; 13; 5; 1458648003364; 64.0
2016/02/22 14:00:00; 2016; 2; 22; 14; 5; 1458651603374; 64.0
2016/02/22 15:00:00; 2016; 2; 22; 15; 5; 1458655203383; 64.0
2016/02/22 16:00:00; 2016; 2; 22; 16; 6; 1458658803485; 64.0
2016/02/22 17:00:00; 2016; 2; 22; 17; 6; 1458662403498; 64.0
2016/02/22 18:00:00; 2016; 2; 22; 18; 6; 1458666003514; 64.0
2016/02/22 19:00:00; 2016; 2; 22; 19; 6; 1458669603529; 64.0
2016/02/22 20:00:00; 2016; 2; 22; 20; 6; 1458673203540; 64.0
2016/02/22 21:00:00; 2016; 2; 22; 21; 6; 1458676803550; 64.0
2016/02/22 22:00:00; 2016; 2; 22; 22; 6; 1458680403559; 64.0
2016/02/22 23:00:00; 2016; 2; 22; 23; 6; 1458684003569; 64.0
2016/02/22 24:00:00; 2016; 2; 22; 24; 6; 1458687603578; 64.0
2016/02/23 01:00:00; 2016; 2; 23; 1; 2; 1458691203827; 64.0
2016/02/23 02:00:00; 2016; 2; 23; 2; 2; 1458694803840; 64.0
2016/02/23 03:00:00; 2016; 2; 23; 3; 2; 1458698403850; 64.0
2016/02/23 04:00:00; 2016; 2; 23; 4; 2; 1458702003859; 64.0
2016/02/23 05:00:00; 2016; 2; 23; 5; 3; 1458705604075; 64.0
2016/02/23 06:00:00; 2016; 2; 23; 6; 3; 1458709204085; 64.0
2016/02/23 07:00:00; 2016; 2; 23; 7; 3; 1458712804094; 64.0
2016/02/23 08:00:00; 2016; 2; 23; 8; 4; 1458716404290; 64.0
2016/02/23 09:00:00; 2016; 2; 23; 9; 4; 1458720004299; 64.0
2016/02/23 10:00:00; 2016; 2; 23; 10; 4; 1458723604308; 64.0
2016/02/23 11:00:00; 2016; 2; 23; 11; 4; 1458727204318; 64.0
2016/02/23 12:00:00; 2016; 2; 23; 12; 5; 1458730804464; 64.0
2016/02/23 13:00:00; 2016; 2; 23; 13; 5; 1458734404474; 64.0
2016/02/23 14:00:00; 2016; 2; 23; 14; 5; 1458738004484; 64.0
2016/02/23 15:00:00; 2016; 2; 23; 15; 5; 1458741604493; 64.0
2016/02/23 16:00:00; 2016; 2; 23; 16; 6; 1458745204610; 64.0
2016/02/23 17:00:00; 2016; 2; 23; 17; 6; 1458748804619; 64.0
2016/02/23 18:00:00; 2016; 2; 23; 18; 6; 1458752404629; 64.0
2016/02/23 19:00:00; 2016; 2; 23; 19; 6; 1458756004643; 64.0
2016/02/23 20:00:00; 2016; 2; 23; 20; 6; 1458759604652; 64.0
2016/02/23 21:00:00; 2016; 2; 23; 21; 6; 1458763204662; 64.0
2016/02/23 22:00:00; 2016; 2; 23; 22; 6; 1458766804671; 64.0
2016/02/23 23:00:00; 2016; 2; 23; 23; 6; 1458770404682; 64.0
2016/02/23 24:00:00; 2016; 2; 23; 24; 6; 1458774004691; 64.0
2016/02/24 01:00:00; 2016; 2; 24; 1; 2; 1458777604939; 64.0
2016/02/24 02:00:00; 2016; 2; 24; 2; 2; 1458781204948; 64.0
2016/02/24 03:00:00; 2016; 2; 24; 3; 2; 1458784804958; 64.0
2016/02/24 04:00:00; 2016; 2; 24; 4; 2; 1458788404967; 64.0
2016/02/24 05:00:00; 2016; 2; 24; 5; 3; 1458792005174; 64.0
2016/02/24 06:00:00; 2016; 2; 24; 6; 3; 1458795605185; 64.0
2016/02/24 07:00:00; 2016; 2; 24; 7; 3; 1458799205194; 64.0
2016/02/24 08:00:00; 2016; 2; 24; 8; 4; 1458802805393; 64.0
2016/02/24 09:00:00; 2016; 2; 24; 9; 4; 1458806405408; 64.0
2016/02/24 10:00:00; 2016; 2; 24; 10; 4; 1458810005418; 64.0
2016/02/24 11:00:00; 2016; 2; 24; 11; 4; 1458813605428; 64.0
2016/02/24 12:00:00; 2016; 2; 24; 12; 5; 1458817205557; 64.0
2016/02/24 13:00:00; 2016; 2; 24; 13; 5; 1458820805566; 64.0
2016/02/24 14:00:00; 2016; 2; 24; 14; 5; 1458824405574; 64.0
2016/02/24 15:00:00; 2016; 2; 24; 15; 5; 1458828005581; 64.0
2016/02/24 16:00:00; 2016; 2; 24; 16; 6; 1458831605679; 64.0
2016/02/24 17:00:00; 2016; 2; 24; 17; 6; 1458835205687; 64.0
2016/02/24 18:00:00; 2016; 2; 24; 18; 6; 1458838805694; 64.0
2016/02/24 19:00:00; 2016; 2; 24; 19; 6; 1458842405702; 64.0
2016/02/24 20:00:00; 2016; 2; 24; 20; 6; 1458846005710; 64.0
2016/02/24 21:00:00; 2016; 2; 24; 21; 6; 1458849605718; 64.0
2016/02/24 22:00:00; 2016; 2; 24; 22; 6; 1458853205725; 64.0
2016/02/24 23:00:00; 2016; 2; 24; 23; 6; 1458856805733; 64.0
2016/02/24 24:00:00; 2016; 2; 24; 24; 6; 1458860405740; 64.0
2016/02/25 01:00:00; 2016; 2; 25; 1; 2; 1458864005946; 64.0
2016/02/25 02:00:00; 2016; 2; 25; 2; 2; 1458867605955; 64.0
2016/02/25 03:00:00; 2016; 2; 25; 3; 2; 1458871205962; 64.0
2016/02/25 04:00:00; 2016; 2; 25; 4; 2; 1458874805975; 64.0
2016/02/25 05:00:00; 2016; 2; 25; 5; 3; 1458878406171; 64.0
2016/02/25 06:00:00; 2016; 2; 25; 6; 3; 1458882006179; 64.0
2016/02/25 07:00:00; 2016; 2; 25; 7; 3; 1458885606187; 64.0
2016/02/25 08:00:00; 2016; 2; 25; 8; 4; 1458889206330; 16.8
2016/02/25 09:00:00; 2016; 2; 25; 9; 4; 1458892806338; 64.0
2016/02/25 10:00:00; 2016; 2; 25; 10; 4; 1458896406347; 64.0
2016/02/25 11:00:00; 2016; 2; 25; 11; 4; 1458900006354; 64.0
2016/02/25 12:00:00; 2016; 2; 25; 12; 5; 1458903606472; 64.0
2016/02/25 13:00:00; 2016; 2; 25; 13; 5; 1458907206479; 64.0
2016/02/25 14:00:00; 2016; 2; 25; 14; 5; 1458910806487; 64.0
2016/02/25 15:00:00; 2016; 2; 25; 15; 5; 1458914406494; 64.0
2016/02/25 16:00:00; 2016; 2; 25; 16; 6; 1458918006579; 64.0
2016/02/25 17:00:00; 2016; 2; 25; 17; 6; 1458921606587; 64.0
2016/02/25 18:00:00; 2016; 2; 25; 18; 6; 1458925206594; 64.0
2016/02/25 19:00:00; 2016; 2; 25; 19; 6; 1458928806602; 64.0
2016/02/25 20:00:00; 2016; 2; 25; 20; 6; 1458932406609; 64.0
2016/02/25 21:00:00; 2016; 2; 25; 21; 6; 1458936006617; 64.0
2016/02/25 22:00:00; 2016; 2; 25; 22; 6; 1458939606624; 64.0
2016/02/25 23:00:00; 2016; 2; 25; 23; 6; 1458943206632; 64.0
2016/02/25 24:00:00; 2016; 2; 25; 24; 6; 1458946806639; 64.0
2016/02/26 01:00:00; 2016; 2; 26; 1; 2; 1458950406841; 64.0
2016/02/26 02:00:00; 2016; 2; 26; 2; 2; 1458954006849; 64.0
2016/02/26 03:00:00; 2016; 2; 26; 3; 2; 1458957606860; 64.0
2016/02/26 04:00:00; 2016; 2; 26; 4; 2; 1458961206872; 64.0
2016/02/26 05:00:00; 2016; 2; 26; 5; 3; 1458964807051; 64.0
2016/02/26 06:00:00; 2016; 2; 26; 6; 3; 1458968407058; 49.3
2016/02/26 07:00:00; 2016; 2; 26; 7; 3; 1458972007070; 64.0
2016/02/26 08:00:00; 2016; 2; 26; 8; 4; 1458975607234; 64.0
2016/02/26 09:00:00; 2016; 2; 26; 9; 4; 1458979207241; 64.0
2016/02/26 10:00:00; 2016; 2; 26; 10; 4; 1458982807250; 64.0
2016/02/26 11:00:00; 2016; 2; 26; 11; 4; 1458986407258; 64.0
2016/02/26 12:00:00; 2016; 2; 26; 12; 5; 1458990007376; 64.0
2016/02/26 13:00:00; 2016; 2; 26; 13; 5; 1458993607384; 64.0
2016/02/26 14:00:00; 2016; 2; 26; 14; 5; 1458997207391; 65.9
2016/02/26 15:00:00; 2016; 2; 26; 15; 5; 1459000807399; 64.0
2016/02/26 16:00:00; 2016; 2; 26; 16; 6; 1459004407484; 64.0
2016/02/26 17:00:00; 2016; 2; 26; 17; 6; 1459008007493; 64.0
2016/02/26 18:00:00; 2016; 2; 26; 18; 6; 1459011607501; 66.7
2016/02/26 19:00:00; 2016; 2; 26; 19; 6; 1459015207513; 64.0
2016/02/26 20:00:00; 2016; 2; 26; 20; 6; 1459018807526; 64.0
2016/02/26 21:00:00; 2016; 2; 26; 21; 6; 1459022407540; 64.0
2016/02/26 22:00:00; 2016; 2; 26; 22; 6; 1459026007548; 64.0
2016/02/26 23:00:00; 2016; 2; 26; 23; 6; 1459029607556; 64.0
2016/02/26 24:00:00; 2016; 2; 26; 24; 6; 1459033207563; 64.0
2016/02/27 01:00:00; 2016; 2; 27; 1; 2; 1459036807774; 64.0
2016/02/27 02:00:00; 2016; 2; 27; 2; 2; 1459040407782; 64.0
2016/02/27 03:00:00; 2016; 2; 27; 3; 2; 1459040407789; 64.0
2016/02/27 04:00:00; 2016; 2; 27; 4; 2; 1459044007797; 64.0
2016/02/27 05:00:00; 2016; 2; 27; 5; 3; 1459047607988; 64.0
2016/02/27 06:00:00; 2016; 2; 27; 6; 3; 1459051207995; 64.0
2016/02/27 07:00:00; 2016; 2; 27; 7; 3; 1459054808003; 64.0
2016/02/27 08:00:00; 2016; 2; 27; 8; 4; 1459058408152; 64.0
2016/02/27 09:00:00; 2016; 2; 27; 9; 4; 1459062008159; 64.0
2016/02/27 10:00:00; 2016; 2; 27; 10; 4; 1459065608167; 64.0
2016/02/27 11:00:00; 2016; 2; 27; 11; 4; 1459069208175; 64.0
2016/02/27 12:00:00; 2016; 2; 27; 12; 5; 1459072808313; 64.0
2016/02/27 13:00:00; 2016; 2; 27; 13; 5; 1459076408322; 64.0
2016/02/27 14:00:00; 2016; 2; 27; 14; 5; 1459080008330; 64.0
2016/02/27 15:00:00; 2016; 2; 27; 15; 5; 1459083608338; 64.0
2016/02/27 16:00:00; 2016; 2; 27; 16; 6; 1459087208428; 64.0
2016/02/27 17:00:00; 2016; 2; 27; 17; 6; 1459090808436; 64.0
2016/02/27 18:00:00; 2016; 2; 27; 18; 6; 1459094408444; 64.0
2016/02/27 19:00:00; 2016; 2; 27; 19; 6; 1459098008456; 64.0
2016/02/27 20:00:00; 2016; 2; 27; 20; 6; 1459101608468; 64.0
2016/02/27 21:00:00; 2016; 2; 27; 21; 6; 1459105208479; 64.0
2016/02/27 22:00:00; 2016; 2; 27; 22; 6; 1459108808490; 64.0
2016/02/27 23:00:00; 2016; 2; 27; 23; 6; 1459112408499; 64.0
2016/02/27 24:00:00; 2016; 2; 27; 24; 6; 1459116008507; 64.0
2016/02/28 01:00:00; 2016; 2; 28; 1; 2; 1459119608713; 64.0
2016/02/28 02:00:00; 2016; 2; 28; 2; 2; 1459123208722; 64.0
2016/02/28 03:00:00; 2016; 2; 28; 3; 2; 1459126808730; 64.0
2016/02/28 04:00:00; 2016; 2; 28; 4; 2; 1459130408738; 64.0
2016/02/28 05:00:00; 2016; 2; 28; 5; 3; 1459134008917; 64.0
2016/02/28 06:00:00; 2016; 2; 28; 6; 3; 1459137608924; 64.0
2016/02/28 07:00:00; 2016; 2; 28; 7; 3; 1459141208932; 64.0
2016/02/28 08:00:00; 2016; 2; 28; 8; 4; 1459144809093; 64.0
2016/02/28 09:00:00; 2016; 2; 28; 9; 4; 1459148409101; 64.0
2016/02/28 10:00:00; 2016; 2; 28; 10; 4; 1459152009114; 64.0
2016/02/28 11:00:00; 2016; 2; 28; 11; 4; 1459155609125; 64.0
2016/02/28 12:00:00; 2016; 2; 28; 12; 5; 1459159209268; 64.0
2016/02/28 13:00:00; 2016; 2; 28; 13; 5; 1459162809277; 64.0
2016/02/28 14:00:00; 2016; 2; 28; 14; 5; 1459166409287; 64.0
2016/02/28 15:00:00; 2016; 2; 28; 15; 5; 1459170009294; 64.0
2016/02/28 16:00:00; 2016; 2; 28; 16; 6; 1459173609385; 64.0
2016/02/28 17:00:00; 2016; 2; 28; 17; 6; 1459177209396; 64.0
2016/02/28 18:00:00; 2016; 2; 28; 18; 6; 1459180809406; 64.0
2016/02/28 19:00:00; 2016; 2; 28; 19; 6; 1459184409417; 64.0
2016/02/28 20:00:00; 2016; 2; 28; 20; 6; 1459188009426; 64.0
2016/02/28 21:00:00; 2016; 2; 28; 21; 6; 1459191609436; 64.0
2016/02/28 22:00:00; 2016; 2; 28; 22; 6; 1459195209450; 64.0
2016/02/28 23:00:00; 2016; 2; 28; 23; 6; 1459198809460; 64.0
2016/02/28 24:00:00; 2016; 2; 28; 24; 6; 1459202409470; 64.0
2016/02/29 01:00:00; 2016; 2; 29; 1; 2; 1459206009729; 64.0
2016/02/29 02:00:00; 2016; 2; 29; 2; 2; 1459209609739; 64.0
2016/02/29 03:00:00; 2016; 2; 29; 3; 2; 1459213209749; 64.0
2016/02/29 04:00:00; 2016; 2; 29; 4; 2; 1459216809758; 64.0
2016/02/29 05:00:00; 2016; 2; 29; 5; 3; 1459220409981; 64.0
2016/02/29 06:00:00; 2016; 2; 29; 6; 3; 1459224009991; 64.0
2016/02/29 07:00:00; 2016; 2; 29; 7; 3; 1459227610001; 62.4
2016/02/29 08:00:00; 2016; 2; 29; 8; 4; 1459231210183; 62.9
2016/02/29 09:00:00; 2016; 2; 29; 9; 4; 1459234810193; 59.6
2016/02/29 10:00:00; 2016; 2; 29; 10; 4; 1459238410207; 61.5
2016/02/29 11:00:00; 2016; 2; 29; 11; 4; 1459242010217; 59.4
2016/02/29 12:00:00; 2016; 2; 29; 12; 5; 1459245610375; 64.0
2016/02/29 13:00:00; 2016; 2; 29; 13; 5; 1459249210385; 64.0
2016/02/29 14:00:00; 2016; 2; 29; 14; 5; 1459252810395; 64.0
2016/02/29 15:00:00; 2016; 2; 29; 15; 5; 1459256410405; 64.0
2016/02/29 16:00:00; 2016; 2; 29; 16; 6; 1459260010524; 64.0
2016/02/29 17:00:00; 2016; 2; 29; 17; 6; 1459263610534; 64.0
2016/02/29 18:00:00; 2016; 2; 29; 18; 6; 1459267210544; 64.0
2016/02/29 19:00:00; 2016; 2; 29; 19; 6; 1459270810553; 64.0
2016/02/29 20:00:00; 2016; 2; 29; 20; 6; 1459274410563; 64.0
2016/02/29 21:00:00; 2016; 2; 29; 21; 6; 1459278010572; 64.0
2016/02/29 22:00:00; 2016; 2; 29; 22; 6; 1459281610584; 64.0
2016/02/29 23:00:00; 2016; 2; 29; 23; 6; 1459285210596; 64.0
2016/02/29 24:00:00; 2016; 2; 29; 24; 6; 1459288810607; 64.0
2016/03/01 01:00:00; 2016; 3; 1; 1; 2; 1459465210888; 64.0
2016/03/01 02:00:00; 2016; 3; 1; 2; 2; 1459468810898; 64.0
2016/03/01 03:00:00; 2016; 3; 1; 3; 2; 1459472410907; 64.0
2016/03/01 04:00:00; 2016; 3; 1; 4; 2; 1459476010917; 64.0
2016/03/01 05:00:00; 2016; 3; 1; 5; 3; 1459479611130; 64.0
2016/03/01 06:00:00; 2016; 3; 1; 6; 3; 1459483211139; 64.0
2016/03/01 07:00:00; 2016; 3; 1; 7; 3; 1459486811149; 64.0
2016/03/01 08:00:00; 2016; 3; 1; 8; 4; 1459490411354; 64.0
2016/03/01 09:00:00; 2016; 3; 1; 9; 4; 1459494011364; 64.0
2016/03/01 10:00:00; 2016; 3; 1; 10; 4; 1459497611374; 64.0
2016/03/01 11:00:00; 2016; 3; 1; 11; 4; 1459501211383; 64.0
2016/03/01 12:00:00; 2016; 3; 1; 12; 5; 1459504811528; 64.0
2016/03/01 13:00:00; 2016; 3; 1; 13; 5; 1459508411537; 64.0
2016/03/01 14:00:00; 2016; 3; 1; 14; 5; 1459512011548; 64.0
2016/03/01 15:00:00; 2016; 3; 1; 15; 5; 1459515611558; 64.0
2016/03/01 16:00:00; 2016; 3; 1; 16; 6; 1459519211695; 64.0
2016/03/01 17:00:00; 2016; 3; 1; 17; 6; 1459522811710; 64.0
2016/03/01 18:00:00; 2016; 3; 1; 18; 6; 1459526411724; 64.0
2016/03/01 19:00:00; 2016; 3; 1; 19; 6; 1459530011736; 64.0
2016/03/01 20:00:00; 2016; 3; 1; 20; 6; 1459533611746; 64.0
2016/03/01 21:00:00; 2016; 3; 1; 21; 6; 1459537211756; 64.0
2016/03/01 22:00:00; 2016; 3; 1; 22; 6; 1459540811770; 64.0
2016/03/01 23:00:00; 2016; 3; 1; 23; 6; 1459544411780; 64.0
